id,title,score,num_comments,author,created_utc,url,over_18,edited,spoiler,stickied
1ecqsu1,[Ps2][~2003] What game am i playing here? I dont remember it or any details about it.,230,43,Mediocre-Moment-5976,2024-07-26 15:22:34,https://www.reddit.com/gallery/1ecqsu1,False,False,False,False
1ec9yq4,"[Gameboy Advance] [Early 2000s?] Not the game shown, but looked very similar. ",138,87,ExaltedBlade666,2024-07-25 23:58:13,https://i.redd.it/hb2qx8227red1.jpeg,False,False,False,False
1ecdepc,[PC] [2010s] RPG where you play as a group of lab rats escaping some house/laboratory,42,8,wedgwedg,2024-07-26 02:47:26,https://i.redd.it/ecmzn1x81sed1.png,False,False,False,False
1ecqvas,[unknown][unknown] found this picture on Pinterest with no description ,38,5,irdfhtyh,2024-07-26 15:25:19,https://i.redd.it/kmjtgaigsved1.png,False,False,False,False
1eca9dw,"[NES/SNES][1980s/1990s] Boy fighting monsters, using submarine",11,6,Dark-Live-Ryder,2024-07-26 00:11:22,https://i.redd.it/pzfjt0kd9red1.png,False,False,False,False
1eckq05,[PS2/PS3] [unknown] I need help finding a game,8,0,Historical_Run_4958,2024-07-26 10:27:40,https://www.reddit.com/r/tipofmyjoystick/comments/1eckq05/ps2ps3_unknown_i_need_help_finding_a_game/,False,False,False,False
1ecsb02,[pc] [point and click?] [90's?][16 bit?] looking for a game that has multiple side characters.,7,0,Ninjalligator,2024-07-26 16:24:40,https://www.reddit.com/r/tipofmyjoystick/comments/1ecsb02/pc_point_and_click_90s16_bit_looking_for_a_game/,False,False,False,False
1ecn3c0,[PC][90's or 2000's] I can barley remember anything of it other than:,6,4,Archreddit6,2024-07-26 12:40:28,https://www.reddit.com/r/tipofmyjoystick/comments/1ecn3c0/pc90s_or_2000s_i_can_barley_remember_anything_of/,False,True,False,False
1eclqs6,[Mobile] [2010s] Basketball vehicle game,5,2,Drama-Certain,2024-07-26 11:29:26,https://i.redd.it/6xxsodndmued1.jpeg,False,False,False,False
1eciq1l,[PS1] [1999] Dungeon Crawl but in a Mansion,6,4,windsweptspy,2024-07-26 08:10:13,https://www.reddit.com/r/tipofmyjoystick/comments/1eciq1l/ps1_1999_dungeon_crawl_but_in_a_mansion/,False,True,False,False
1ec82x5,"[PC][early 2000] A fps game, ur a soldier in a desert fighting enemy terrorists",7,63,Adriel_345,2024-07-25 22:34:14,https://www.reddit.com/r/tipofmyjoystick/comments/1ec82x5/pcearly_2000_a_fps_game_ur_a_soldier_in_a_desert/,False,False,False,False
1ec7vtr,[PS2/PS3?] [~2010] Game with blonde female cop as lead,7,15,Sleestakman,2024-07-25 22:25:30,https://www.reddit.com/r/tipofmyjoystick/comments/1ec7vtr/ps2ps3_2010_game_with_blonde_female_cop_as_lead/,False,False,False,False
1ecycbx,[PHONE][2016] Royal card simulator game/ Life choices simulator game,7,5,LilPotatoSpy,2024-07-26 20:39:57,https://i.redd.it/02zjb3ukcxed1.png,False,False,False,False
1ecwbmj,[2015-2017] [Mobile or laptop] A game about this black square,5,5,Suitable-Safe4990,2024-07-26 19:12:35,https://i.redd.it/8ddvfrb0xwed1.jpeg,False,False,False,False
1ecljzg,[PC][2010s] Pixel platformer with a fox character,6,4,Shikoyin,2024-07-26 11:18:52,https://i.redd.it/mdirw7phkued1.jpeg,False,False,False,False
1ecjeq1,[mobile] [around 2010?] Rhythm like game with an organge fish and a blue bird.,6,3,Fern_H,2024-07-26 08:58:40,https://www.reddit.com/r/tipofmyjoystick/comments/1ecjeq1/mobile_around_2010_rhythm_like_game_with_an/,False,False,False,False
1eceyb5,[Pc] [2019-2017] a gameshow roguelike ,5,3,iswalowpiss,2024-07-26 04:10:17,https://www.reddit.com/r/tipofmyjoystick/comments/1eceyb5/pc_20192017_a_gameshow_roguelike/,False,True,False,False
1ecwy4s,[Windows Mobile Phone][2013-2018] Weird game where you play as a multi tentacled black being in the brain of a crocodile scientist ,3,5,Rastorgez,2024-07-26 19:39:49,https://www.reddit.com/r/tipofmyjoystick/comments/1ecwy4s/windows_mobile_phone20132018_weird_game_where_you/,False,False,False,False
1ect6o6,"[PC][Early-Mid 2000s] (Free?) SciFi Multiplayer-only FPS (with ""base building""?)",4,5,DuffRose,2024-07-26 17:01:06,https://www.reddit.com/r/tipofmyjoystick/comments/1ect6o6/pcearlymid_2000s_free_scifi_multiplayeronly_fps/,False,False,False,False
1ecli3v,[Gamecube] [2000’s] Yu-Gi-Oh- like game in a desert,4,2,Timely-Ad6015,2024-07-26 11:15:43,https://www.reddit.com/r/tipofmyjoystick/comments/1ecli3v/gamecube_2000s_yugioh_like_game_in_a_desert/,False,False,False,False
1ecld2c,[PC][2000s] Dark fantasy themed 3D first person shooter game,5,12,Makoto_Ichinose,2024-07-26 11:07:21,https://www.reddit.com/r/tipofmyjoystick/comments/1ecld2c/pc2000s_dark_fantasy_themed_3d_first_person/,False,True,False,False
1ecjlee,[PC][2000-?] Red car with a drill in 2D underground puzzle game,4,2,h4ndshake_,2024-07-26 09:11:10,https://www.reddit.com/r/tipofmyjoystick/comments/1ecjlee/pc2000_red_car_with_a_drill_in_2d_underground/,False,False,False,False
1echtcl,[PC] [Text Adventure]  [Early 2010s],5,0,Muundiii,2024-07-26 07:07:48,https://www.reddit.com/r/tipofmyjoystick/comments/1echtcl/pc_text_adventure_early_2010s/,False,False,False,False
1ecg478,"[Arcade] [mid/late 80s] Side scroller then top down scroller, then side again but in other direction   ",4,4,networking-r-us,2024-07-26 05:19:35,https://www.reddit.com/r/tipofmyjoystick/comments/1ecg478/arcade_midlate_80s_side_scroller_then_top_down/,False,False,False,False
1ecemme,[PC] [2015-2018] [Puzzle/isometric view],4,8,IllustriousTrade7999,2024-07-26 03:52:28,https://i.redd.it/sx9hh5nucsed1.jpeg,False,False,False,False
1ec8b7r,"[Xbox 360] [2000s] An old first person shooter, single player Zombie game",3,7,Katipunan94,2024-07-25 22:44:28,https://www.reddit.com/r/tipofmyjoystick/comments/1ec8b7r/xbox_360_2000s_an_old_first_person_shooter_single/,False,True,False,False
1ec7lgb,[PS3] [Late 2000s] Sci-Fi TPS game with average reviews,4,5,DamienlaCritique,2024-07-25 22:12:59,https://www.reddit.com/r/tipofmyjoystick/comments/1ec7lgb/ps3_late_2000s_scifi_tps_game_with_average_reviews/,False,False,False,False
1ecw2cc,[PC][~2010-2016] Black and white RPG,3,0,Lucea33,2024-07-26 19:01:29,https://www.reddit.com/r/tipofmyjoystick/comments/1ecw2cc/pc20102016_black_and_white_rpg/,False,False,False,False
1ecvhck,[PC][Modern] Anime Graphics game with Creepy Game Over Scenes,3,0,scoobdz,2024-07-26 18:36:41,https://www.reddit.com/r/tipofmyjoystick/comments/1ecvhck/pcmodern_anime_graphics_game_with_creepy_game/,False,False,False,False
1ecuwws,[PlayStation 4/5] [2020s] A horror game involving mannequins. ,3,1,CommanderFuzzy,2024-07-26 18:12:31,https://www.reddit.com/r/tipofmyjoystick/comments/1ecuwws/playstation_45_2020s_a_horror_game_involving/,False,False,False,False
1ectju5,"[SNES][1990’s] game about an orange cat or maybe a rabbit that goes on adventures but he’s kind of funny, like a comic book, the second level is him jumping on the back of a train in a desert. ",3,3,Rudvs,2024-07-26 17:15:59,https://www.reddit.com/r/tipofmyjoystick/comments/1ectju5/snes1990s_game_about_an_orange_cat_or_maybe_a/,False,False,False,False
1ecsgq7,[ps4] [2015 - 2017] I think,3,5,Captain__Burrito,2024-07-26 16:31:12,https://www.reddit.com/r/tipofmyjoystick/comments/1ecsgq7/ps4_2015_2017_i_think/,False,False,False,False
1ecs6j9,[Flash][2003-2010]Ninja inside of a maze,3,3,miorex,2024-07-26 16:19:27,https://www.reddit.com/r/tipofmyjoystick/comments/1ecs6j9/flash20032010ninja_inside_of_a_maze/,False,False,False,False
1ecs63n,[Commodore 64] [No later than 1990] [Text Adventure with static picture scenes],3,7,joshisnot12,2024-07-26 16:18:54,https://www.reddit.com/r/tipofmyjoystick/comments/1ecs63n/commodore_64_no_later_than_1990_text_adventure/,False,False,False,False
1ecp8ys,[PC] [1990s] First person survival game where you could amputate your own limbs if they were infected,3,6,retrogradeam,2024-07-26 14:18:51,https://www.reddit.com/r/tipofmyjoystick/comments/1ecp8ys/pc_1990s_first_person_survival_game_where_you/,False,False,False,False
1eco9lt,"[Console][2000s?] Looking for a 7th gen console single-player driving game with vibrant, cartoony graphics and a (to me) memorable menu.",3,2,OSAlula,2024-07-26 13:36:13,https://www.reddit.com/r/tipofmyjoystick/comments/1eco9lt/console2000s_looking_for_a_7th_gen_console/,False,False,False,False
1ecnn91,[PS2] [~2009s] A game about old centures warriors,3,5,OpenDepth8389,2024-07-26 13:07:08,https://www.reddit.com/r/tipofmyjoystick/comments/1ecnn91/ps2_2009s_a_game_about_old_centures_warriors/,False,False,False,False
1ecl3a0,[PC][DESKTOP] A futuristic game I played a lot as a child,3,3,Qww0,2024-07-26 10:51:06,https://www.reddit.com/r/tipofmyjoystick/comments/1ecl3a0/pcdesktop_a_futuristic_game_i_played_a_lot_as_a/,False,False,False,False
1ecl2hn,[PC][1990-1999] RTS similar to Warcraft,3,6,Outrageous-Lie-6059,2024-07-26 10:49:47,https://www.reddit.com/r/tipofmyjoystick/comments/1ecl2hn/pc19901999_rts_similar_to_warcraft/,False,False,False,False
1eck99i,[Pc] [2000 maybe] I've been trying to remember my childhood game for almost 10 years (please help),4,9,Business_Hornet6463,2024-07-26 09:57:49,https://www.reddit.com/r/tipofmyjoystick/comments/1eck99i/pc_2000_maybe_ive_been_trying_to_remember_my/,False,False,False,False
1ecju0t,[Sega/PS2][early 2000s][RPG/adventure] You explore as a kid dressed in black looking for something.,3,4,qqllss,2024-07-26 09:28:35,https://www.reddit.com/r/tipofmyjoystick/comments/1ecju0t/segaps2early_2000srpgadventure_you_explore_as_a/,False,False,False,False
1ecix1q,[ARCADE] [90s?] arcade beat em up with black character in yellow/beige vest,3,2,Classic_Measurement4,2024-07-26 08:23:36,https://www.reddit.com/r/tipofmyjoystick/comments/1ecix1q/arcade_90s_arcade_beat_em_up_with_black_character/,False,False,False,False
1ecitgg,[pc][1995] Cartoonish point and click type game,3,0,McSuckelaer,2024-07-26 08:16:32,https://www.reddit.com/r/tipofmyjoystick/comments/1ecitgg/pc1995_cartoonish_point_and_click_type_game/,False,False,False,False
1echir9,[3DS] [2016-2019? - Unsure] Game with small colourful people and houses??,3,7,roxypng,2024-07-26 06:48:52,https://www.reddit.com/r/tipofmyjoystick/comments/1echir9/3ds_20162019_unsure_game_with_small_colourful/,False,False,False,False
1ecg8kt,[Computer disc game] [90s/00s] Fantasy point and click exploration game,3,5,Crowswillfindme,2024-07-26 05:27:10,https://www.reddit.com/r/tipofmyjoystick/comments/1ecg8kt/computer_disc_game_90s00s_fantasy_point_and_click/,False,False,False,False
1ecfxtm,[PC] [2018-2022] Party game where you shoot arrows at each other and fight monsters,3,6,Audelinsky,2024-07-26 05:08:49,https://www.reddit.com/r/tipofmyjoystick/comments/1ecfxtm/pc_20182022_party_game_where_you_shoot_arrows_at/,False,False,False,False
1ecfp9t,[PC] [2000's/Maybe early 2010's] A flash minigame collection that revolved around a family,3,0,CelebrationNeat5137,2024-07-26 04:54:40,https://www.reddit.com/r/tipofmyjoystick/comments/1ecfp9t/pc_2000smaybe_early_2010s_a_flash_minigame/,False,False,False,False
1ecfin9,"[PC] [2020-2022], lowpoly, single player no charecter development, fps doom like good game mechanics single level.",3,3,vibrantcolours,2024-07-26 04:43:35,https://www.reddit.com/r/tipofmyjoystick/comments/1ecfin9/pc_20202022_lowpoly_single_player_no_charecter/,False,False,False,False
1ecfaag,[PC] [2000s] 2D Flash game where you fight monster hordes as a girl to free your significant other,3,0,WolfySnip,2024-07-26 04:29:42,https://www.reddit.com/r/tipofmyjoystick/comments/1ecfaag/pc_2000s_2d_flash_game_where_you_fight_monster/,False,False,False,False
1ecevu8,[GameBoy Advance] [Late 90s/Early 2000s] Murder Mystery in Paris (?),3,1,_netflixandtrill_,2024-07-26 04:06:20,https://www.reddit.com/r/tipofmyjoystick/comments/1ecevu8/gameboy_advance_late_90searly_2000s_murder/,False,False,False,False
1ecedx9,[Arcade][1985-1999] Pixelated 2D game where you shot ghosts?,3,7,whiningloser,2024-07-26 03:38:46,https://www.reddit.com/r/tipofmyjoystick/comments/1ecedx9/arcade19851999_pixelated_2d_game_where_you_shot/,False,False,False,False
1ece9v4,"[PC] [Announced 2018 to 2023, release unknown] Side view platformer with dark 2d hand drawn graphics about a girl and a wolf in some kind of forest",3,0,SotovR,2024-07-26 03:32:40,https://www.reddit.com/r/tipofmyjoystick/comments/1ece9v4/pc_announced_2018_to_2023_release_unknown_side/,False,False,False,False
1ece697,[mobile] [unknown] black and white game,3,0,Odd-Dragonfruit-12,2024-07-26 03:27:07,https://www.reddit.com/r/tipofmyjoystick/comments/1ece697/mobile_unknown_black_and_white_game/,False,True,False,False
1ecdhtz,[PC] [Walking Simulator] [2015 +- 3 years] [3D] [The characters were yellow ghosts that spoke dialogue at you] walking sim of you walking through an american 60s or 70s themed city and listen to yellow ghosts speak dialogue at you,3,5,SotovR,2024-07-26 02:51:50,https://www.reddit.com/r/tipofmyjoystick/comments/1ecdhtz/pc_walking_simulator_2015_3_years_3d_the/,False,False,False,False
1ecddyo,[WINDOWS] [1995-2000?] Turn-based sci-fi strategy game,3,5,noxondor_gorgonax,2024-07-26 02:46:23,https://www.reddit.com/r/tipofmyjoystick/comments/1ecddyo/windows_19952000_turnbased_scifi_strategy_game/,False,False,False,False
1ecckci,[Og Xbox] [2000s] Telekinesis game?,3,1,Distinct_Ad_2592,2024-07-26 02:04:46,https://www.reddit.com/r/tipofmyjoystick/comments/1ecckci/og_xbox_2000s_telekinesis_game/,False,False,False,False
1eccb1f,[Nintendo 3DS][>2017] watching a movie with a goth girl,3,7,Ok-Blueberry2368,2024-07-26 01:51:33,https://www.reddit.com/r/tipofmyjoystick/comments/1eccb1f/nintendo_3ds2017_watching_a_movie_with_a_goth_girl/,False,False,False,False
1ecb5ol,[PS1? N64?] [Late 90s - Early 2000s] [Exploration?] very strange game where you drive in a grey city,3,3,Clear-Ad-2454,2024-07-26 00:53:53,https://www.reddit.com/r/tipofmyjoystick/comments/1ecb5ol/ps1_n64_late_90s_early_2000s_exploration_very/,False,False,False,False
1ec9owh,[PC] [STEAM] [2010s] A game about making quick choices in several different interactions,3,3,Separate_Trainer3185,2024-07-25 23:45:19,https://www.reddit.com/r/tipofmyjoystick/comments/1ec9owh/pc_steam_2010s_a_game_about_making_quick_choices/,False,False,False,False
1ec8puv,"[Pc][late 80s, early 90s] open world first person game where you crash land on planet and need to fix fighter to save world.",3,9,neonthefox12,2024-07-25 23:01:47,https://www.reddit.com/r/tipofmyjoystick/comments/1ec8puv/pclate_80s_early_90s_open_world_first_person_game/,False,False,False,False
1eczjxc,[PC] [early 2000s or before] a pet simulator,2,0,ireta_orio,2024-07-26 21:31:53,https://www.reddit.com/r/tipofmyjoystick/comments/1eczjxc/pc_early_2000s_or_before_a_pet_simulator/,False,False,False,False
1ecx9s8,[PC][Early 2000s] Help me find a japanese game from my childhood <3,2,1,Adgonix,2024-07-26 19:53:38,https://www.reddit.com/r/tipofmyjoystick/comments/1ecx9s8/pcearly_2000s_help_me_find_a_japanese_game_from/,False,False,False,False
1ecx6ow,[PC] [~2010] [Flash Game] Alien 2D Side On Tower Defense Where Units Drop Heads When They Die,2,1,saidereek,2024-07-26 19:49:54,https://www.reddit.com/r/tipofmyjoystick/comments/1ecx6ow/pc_2010_flash_game_alien_2d_side_on_tower_defense/,False,True,False,False
1ecwxrx,"[GameboyAdvanced][unknown] I don’t have much to go off of, high school setting game and at one point you hide in a locker to hide from the janitor with his flashlight",2,0,Custard-Big,2024-07-26 19:39:21,https://www.reddit.com/r/tipofmyjoystick/comments/1ecwxrx/gameboyadvancedunknown_i_dont_have_much_to_go_off/,False,False,False,False
1ecwjsr,"[PC][around 2005] Platform game, you play a dog.",2,3,ChevreMiell,2024-07-26 19:22:32,https://www.reddit.com/r/tipofmyjoystick/comments/1ecwjsr/pcaround_2005_platform_game_you_play_a_dog/,False,False,False,False
1ecw6n5,[Mobile] [2010s] Game developer goes into his game,2,0,Big_Roof5335,2024-07-26 19:06:33,https://www.reddit.com/r/tipofmyjoystick/comments/1ecw6n5/mobile_2010s_game_developer_goes_into_his_game/,False,False,False,False
1ecvhto,[PC][Roughly 2017] Mystery point and click flash game ,2,1,Ok-Potato-577,2024-07-26 18:37:14,https://www.reddit.com/r/tipofmyjoystick/comments/1ecvhto/pcroughly_2017_mystery_point_and_click_flash_game/,False,False,False,False
1ecuntg,[old  keypad phones][unknown] old horror game,2,0,Bouba_Gamer,2024-07-26 18:01:59,https://www.reddit.com/r/tipofmyjoystick/comments/1ecuntg/old_keypad_phonesunknown_old_horror_game/,False,False,False,False
1ecuba9,[Mobile] [2019] Sad game?,2,0,Laceylol_,2024-07-26 17:47:35,https://www.reddit.com/r/tipofmyjoystick/comments/1ecuba9/mobile_2019_sad_game/,False,False,False,False
1ecsxyq,[Ps1/ps2][2000s] arcade style vehicle shooting game,2,1,shirtrippa210,2024-07-26 16:51:17,https://www.reddit.com/r/tipofmyjoystick/comments/1ecsxyq/ps1ps22000s_arcade_style_vehicle_shooting_game/,False,False,False,False
1ecsknm,[Windows][2010-2012] VirtuaCop2 type game ,2,0,Djcoco123123,2024-07-26 16:35:46,https://www.reddit.com/r/tipofmyjoystick/comments/1ecsknm/windows20102012_virtuacop2_type_game/,False,False,False,False
1ecrk2s,[ps2][2000s] A turn based single player third person game.,2,12,Mediocre-Moment-5976,2024-07-26 15:53:42,https://www.reddit.com/r/tipofmyjoystick/comments/1ecrk2s/ps22000s_a_turn_based_single_player_third_person/,False,False,False,False
1ecqupa,[mobile][2014] Monster racing game like Mario cart,2,1,Xcentrk69,2024-07-26 15:24:41,https://www.reddit.com/r/tipofmyjoystick/comments/1ecqupa/mobile2014_monster_racing_game_like_mario_cart/,False,False,False,False
1ecqucf,[PC][1995] old PC zone video game,2,2,Redlands2,2024-07-26 15:24:16,https://www.reddit.com/r/tipofmyjoystick/comments/1ecqucf/pc1995_old_pc_zone_video_game/,False,False,False,False
1ecpy4c,[PC] [2010] Game About Dragons,2,2,hanes7,2024-07-26 14:48:15,https://www.reddit.com/r/tipofmyjoystick/comments/1ecpy4c/pc_2010_game_about_dragons/,False,True,False,False
1eco3ct,[PC][2005-2010]Match 3 Puzzle based in Pyramid Adventure,2,3,Additional-Pack-9866,2024-07-26 13:28:19,https://www.reddit.com/r/tipofmyjoystick/comments/1eco3ct/pc20052010match_3_puzzle_based_in_pyramid/,False,False,False,False
1ecn8qo,[Mobile][2017-2020ish?] pixel type 3d battle/build game,2,7,Elijahkittycat,2024-07-26 12:48:00,https://www.reddit.com/r/tipofmyjoystick/comments/1ecn8qo/mobile20172020ish_pixel_type_3d_battlebuild_game/,False,False,False,False
1ecmv29,[PC] [Puzzle] [2015-2020?] Maybe a 2D game in the style of pony island that changes to 3D/fmv and you see the game's programmers room ,2,6,mthell,2024-07-26 12:28:55,https://www.reddit.com/r/tipofmyjoystick/comments/1ecmv29/pc_puzzle_20152020_maybe_a_2d_game_in_the_style/,False,True,False,False
1ecmqgr,"[NES][1990?] Adventure Game, Warrior, and finding Orbs",2,4,BrineyBiscuits,2024-07-26 12:22:10,https://www.reddit.com/r/tipofmyjoystick/comments/1ecmqgr/nes1990_adventure_game_warrior_and_finding_orbs/,False,False,False,False
1ecmkkz,[PC][????]RPG type game with House/Clothes/Car buying mechanic,2,2,maffamark1629,2024-07-26 12:13:38,https://www.reddit.com/r/tipofmyjoystick/comments/1ecmkkz/pcrpg_type_game_with_houseclothescar_buying/,False,False,False,False
1ecli46,[Windows][2010-2015]Myst-style space adventure game possibly developed in the Middle East,2,0,zeprfrew,2024-07-26 11:15:44,https://www.reddit.com/r/tipofmyjoystick/comments/1ecli46/windows20102015myststyle_space_adventure_game/,False,False,False,False
1eclb3s,[mobile] [2010’s] sidescroller 2.5D style dragon rider game,2,0,Single_Click8271,2024-07-26 11:04:21,https://www.reddit.com/r/tipofmyjoystick/comments/1eclb3s/mobile_2010s_sidescroller_25d_style_dragon_rider/,False,False,False,False
1ecl9bd,[Mobile] [2010s] [Puzzle],2,0,Puzzleheaded_Ask_343,2024-07-26 11:01:23,https://www.reddit.com/r/tipofmyjoystick/comments/1ecl9bd/mobile_2010s_puzzle/,False,False,False,False
1eckth2,[PC] [Early 2000s] [fantasy] [rpg],2,0,Best_Attempt_387,2024-07-26 10:33:52,https://www.reddit.com/r/tipofmyjoystick/comments/1eckth2/pc_early_2000s_fantasy_rpg/,False,False,False,False
1ecjii3,[PC][2005] 3rd person kind of WoW clone - Starting area was near a beach and there were player merchant tents,2,5,oysta6,2024-07-26 09:05:35,https://www.reddit.com/r/tipofmyjoystick/comments/1ecjii3/pc2005_3rd_person_kind_of_wow_clone_starting_area/,False,False,False,False
1ecjeyk,[IPAD/KINDLE/TABLET][2018-2019?] Gladiator game with giant enemies,2,3,eduff132,2024-07-26 08:59:10,https://www.reddit.com/r/tipofmyjoystick/comments/1ecjeyk/ipadkindletablet20182019_gladiator_game_with/,False,True,False,False
1ecjako,[PC][2010?] Flash game where you went through someone's desktop and could find a photo of a naked woman,3,0,danyals4241,2024-07-26 08:50:21,https://www.reddit.com/r/tipofmyjoystick/comments/1ecjako/pc2010_flash_game_where_you_went_through_someones/,False,False,False,False
1ecilom,[ARCADE] [2000s] Hitting a purple and green alien / monster / dragon with red balls ,2,1,Fictionvr,2024-07-26 08:01:40,https://www.reddit.com/r/tipofmyjoystick/comments/1ecilom/arcade_2000s_hitting_a_purple_and_green_alien/,False,False,False,False
1ecicl7,[PC] [mid - late 2000s] flash point and click where you wait in line,2,0,Trashman343,2024-07-26 07:44:29,https://www.reddit.com/r/tipofmyjoystick/comments/1ecicl7/pc_mid_late_2000s_flash_point_and_click_where_you/,False,True,False,False
1echshs,[PC][2000s/2010s] drive thru flash game,2,2,unfunnycoont8,2024-07-26 07:06:11,https://www.reddit.com/r/tipofmyjoystick/comments/1echshs/pc2000s2010s_drive_thru_flash_game/,False,False,False,False
1echnec,[IPad/Kindle/Tablet][???-2019] 2d Mobile game where you collect blue flames/wisps and unlock planets. Mostly black and white and looked a lot like the game Limbo.,2,0,Rare_Ad_6086,2024-07-26 06:57:32,https://www.reddit.com/r/tipofmyjoystick/comments/1echnec/ipadkindletablet2019_2d_mobile_game_where_you/,False,False,False,False
1echl7e,[PC/Laptop] [2010]? an MMO RPG that is like GW2 but there are car mounts,2,3,Significant_Elk3491,2024-07-26 06:53:21,https://www.reddit.com/r/tipofmyjoystick/comments/1echl7e/pclaptop_2010_an_mmo_rpg_that_is_like_gw2_but/,False,True,False,False
1ecgwvj,[Pc game] [2023-2024 i think] game about building ,2,1,TryVarious5523,2024-07-26 06:09:10,https://www.reddit.com/r/tipofmyjoystick/comments/1ecgwvj/pc_game_20232024_i_think_game_about_building/,False,False,False,False
1ecgsmp,[Arcade][1990's] Racing Mini's set in the streets of Monaco,2,0,wanderinggoat,2024-07-26 06:01:54,https://www.reddit.com/r/tipofmyjoystick/comments/1ecgsmp/arcade1990s_racing_minis_set_in_the_streets_of/,False,False,False,False
1ecfvjd,[mobile] [2013-2015] blocky level creator,2,0,The666Cipher,2024-07-26 05:04:51,https://www.reddit.com/r/tipofmyjoystick/comments/1ecfvjd/mobile_20132015_blocky_level_creator/,False,False,False,False
1ecf79q,[unknown][90s-2000s] pixel art game with dark aesthetic ,2,0,Squashfolded,2024-07-26 04:24:46,https://www.reddit.com/r/tipofmyjoystick/comments/1ecf79q/unknown90s2000s_pixel_art_game_with_dark_aesthetic/,False,False,False,False
1ecezia,[pc][2008-2011] kids music (?) game,2,0,Narrow-Process4762,2024-07-26 04:12:13,https://www.reddit.com/r/tipofmyjoystick/comments/1ecezia/pc20082011_kids_music_game/,False,False,False,False
1ecem4f,[Pc][around 19 something] about a wizard ,2,0,zelda777789,2024-07-26 03:51:42,https://www.reddit.com/r/tipofmyjoystick/comments/1ecem4f/pcaround_19_something_about_a_wizard/,False,False,False,False
1ecefq5,[Mobile][2013-2016??] Medieval Pixel Timing Game,2,0,Last-Competition7267,2024-07-26 03:41:38,https://i.redd.it/l578oqvvased1.jpeg,False,False,False,False
1ece1ab,[Unknown][Early 2000s] Cartoon soccer game,2,2,JimmyRichardBt0,2024-07-26 03:20:09,https://www.reddit.com/r/tipofmyjoystick/comments/1ece1ab/unknownearly_2000s_cartoon_soccer_game/,False,False,False,False
